firmware_version,cflag,ctype,nch,SATA_bool,nsampPerRawFile,nsampPerSect,nBits (bits per sample),nsectPerRawFile,nBytesPerSect,compressionFactor,tailblk,Release Date and comments
6A01260219,1,1,1,2,15000000,250,16,60000,500,2,0,2/19/2026
4A01251106,1,1,1,2,15000000,250,16,60000,500,2,0,11/06/2025  new CPU without FIFO prototype
3A05250108,0,-1,4,2,12400000,248,16,50000,496,0,4,4x100kHz w/ IMU + realtime UDP ( FW contains typo, should have been 3B05250108 )
3B03230129,0,-1,4,2,12400000,248,16,50000,496,0,4,1/29/2023 ** current 4CH w/ IMU + 3x HRMSD 
3B02220318,0,-1,4,2,12400000,248,16,50000,496,0,4,3/18/2022  2nd 4ch SD
3B02220224,0,-1,4,2,12400000,248,16,50000,496,0,4,2/24/2022 x
3B02220110,0,-1,4,2,12400000,248,16,50000,496,0,4,1/10/2022  1st 4ch SD
3B01211021,0,-1,4,2,12400000,248,16,50000,496,0,4,10/21/2021 - IMU prototype
3A01251028,1,1,1,2,15000000,250,16,60000,500,2,0,10/28/2025
3A01240501,1,1,1,2,15000000,250,16,60000,500,2,0,5/1/2024  ** current BWA fix
3A01220318,1,1,1,2,15000000,250,16,60000,500,2,0,3/21/2022
3A01220225,1,1,1,2,15000000,250,16,60000,500,2,0,2/25/2022 x
3A01210729,1,1,1,2,15000000,250,16,60000,500,2,0,7/30/2021  CPU low temp fix
3A01210618,1,1,1,2,15000000,250,16,60000,500,2,0,6/18/2021  1st 1ch SD:  SOCAL_W_01_WW only deployment
V2.98,0,-1,4,1,12400000,248,16,50000,496,0,4,1/5/2020  win10 FTP fix **current
V2.97,0,-1,4,1,12400000,248,16,50000,496,0,4,7/13/2017 x
V2.96,0,-1,4,1,12400000,248,16,50000,496,0,4,10/24/2016 x
V2.95,0,-1,4,1,12400000,248,16,50000,496,0,4,4/20/2016 x
V2.94,0,-1,4,1,14384000,248,16,58000,496,0,4,3/3/2015 x
V2.91,0,-1,4,1,14384000,248,16,58000,496,0,4,12/4/2014 x
V2.90,0,-1,4,1,14384000,248,16,58000,496,0,4,9/24/2014  1st 4ch SATA
V2.88,1,1,1,1,15000000,250,16,60000,500,2,0,12/4/2019  win10 FTP fix **current
V2.87,1,1,1,1,15000000,250,16,60000,500,2,0,6/27/2017  BWA fixed
V2.86,1,1,1,1,15000000,250,16,60000,500,2,0,10/12/2016 x
V2.85,1,1,1,1,15000000,250,16,60000,500,2,0,4/22/2016 x
V2.84,1,1,1,1,15000000,250,16,60000,500,2,0,2/28/2015 x
V2.83,1,1,1,1,15000000,250,16,60000,500,2,0,12/11/2014 x
V2.82,1,1,1,1,15000000,250,16,60000,500,2,0,12/4/2014  get disk header FTP added
V2.81,1,1,1,1,15000000,250,16,60000,500,2,0,12/3/2014 x
V2.80,1,1,1,1,15000000,250,16,60000,500,2,0,9/10/2014  1st 1 ch compression SATA
V2.74,0,-1,1,1,15000000,250,16,60000,500,0,0,2/26/2015 x
V2.70C,0,-1,1,1,15000000,250,16,60000,500,0,0,9/1/2014  1st 1 ch SATA no compression - prototype?
V2.64,1,1,1,1,14000000,250,16,56000,500,2,0,11/1/2019  320kHz/win10 FTP fix **current
V2.63,1,1,1,1,14000000,250,16,56000,500,2,0,7/10/2017  320kHz/BWA fixed
V2.62,1,1,1,1,14000000,250,16,56000,500,2,0,10/24/2016  320kHz
V2.61,1,1,1,1,14000000,250,16,56000,500,2,0,4/22/2016  320kHz
V2.60,1,1,1,1,14000000,250,16,56000,500,2,0,2/17/2016  1st 320kHz SATA
V2.34,1,1,1,1,15000000,250,16,60000,500,2,0,1/5/2020  LongLine/win10 FTP fix **current
V2.29,1,1,1,1,15000000,250,16,60000,500,2,0,7/13/2017  miniHARP/win10 FTP fix **current
V2.27,1,1,1,1,15000000,250,16,60000,500,2,0,10/26/2016  miniHARP
V2.26,1,1,1,1,15000000,250,16,60000,500,2,0,4/29/2016  miniHARP
V2.25,1,1,1,1,15000000,250,16,60000,500,2,0,9/9/2015  1st miniHARP
V2.20,1,1,1,1,15000000,250,16,60000,500,2,0,7/27/2010  1st Long Line
V2.10,0,-1,4,0,12400000,248,16,50000,496,0,4,2/18/2009  1st 4ch IDE
V2.05,1,1,1,0,14000000,250,16,56000,500,2,0,7/27/2011  1st 320kHz IDE
V2.02AB,1,1,1,0,15000000,250,16,60000,500,2,0,1/5/2020  win10 FTP fix  **current
V2.02AA,1,1,1,0,15000000,250,16,60000,500,2,0,6/29/2017  BWA fixed/Really 2.02AA2
V2.02W2,1,1,1,0,15000000,250,16,60000,500,2,0,9/10/2014 x
V2.02U_SSD,1,1,1,0,15000000,250,16,60000,500,2,0,
V2.02U_1,1,1,1,0,15000000,250,16,60000,500,2,0,wave glider
V2.02U,1,1,1,0,15000000,250,16,60000,500,2,0,8/13/2013 x
V2.02S_SSD,1,1,1,0,15000000,250,16,60000,500,2,0,
V2.02S_1,1,1,1,0,15000000,250,16,60000,500,2,0,wave glider
V2.02S,1,1,1,0,15000000,250,16,60000,500,2,0,11/16/2010 x
V2.02R_SSD,1,1,1,0,15000000,250,16,60000,500,2,0,
V2.02r_SSD,1,1,1,0,15000000,250,16,60000,500,2,0,
V2.02R_1,1,1,1,0,15000000,250,16,60000,500,2,0,9/8/2010  wave glider
V2.02r_1,1,1,1,0,15000000,250,16,60000,500,2,0,wave glider
V2.02R,1,1,1,0,15000000,250,16,60000,500,2,0,9/8/2010 x
V2.02r,1,1,1,0,15000000,250,16,60000,500,2,0,10/14/2010  1st compression type = 1
V2.02Q,1,0,1,0,15000000,250,16,60000,500,2,0,11/30/2009  1st compression type = 0
V2.01,0,-1,1,0,15000000,250,16,60000,500,0,0,6/8/2009  1st 1 ch nocompression Coldfire
1.17,0,-1,1,0,15000000,250,16,60000,500,0,0,2/18/2005  IDE nocompression  **current
1.1,0,-1,1,0,0,250,16,0,500,0,0,1st Motorola 683xx
